{"data_time": 0.001676013999940551, "eta_seconds": 45.97237422001399, "fast_rcnn/cls_accuracy": 0.427734375, "fast_rcnn/false_negative": 0.8201754385964912, "fast_rcnn/fg_cls_accuracy": 0.17982456140350878, "iteration": 19, "loss_box_reg": 0.6341461837291718, "loss_cls": 0.7391041219234467, "loss_mask": 0.6955667436122894, "loss_rpn_cls": 0.03532935120165348, "loss_rpn_loc": 0.007934692082926631, "lr": 4.99525e-06, "mask_rcnn/accuracy": 0.3802397893393334, "mask_rcnn/false_negative": 1.0, "mask_rcnn/false_positive": 0.0, "roi_head/num_bg_samples": 104.75, "roi_head/num_fg_samples": 23.25, "rpn/num_neg_anchors": 246.5, "rpn/num_pos_anchors": 9.5, "time": 0.2554020790000777, "total_loss": 2.1800779645782313}
{"data_time": 0.0019444915001258778, "eta_seconds": 40.78872039999624, "fast_rcnn/cls_accuracy": 0.607421875, "fast_rcnn/false_negative": 0.8943815331010453, "fast_rcnn/fg_cls_accuracy": 0.10561846689895471, "iteration": 39, "loss_box_reg": 0.6264919936656952, "loss_cls": 0.6686656177043915, "loss_mask": 0.6656444668769836, "loss_rpn_cls": 0.020623822696506977, "loss_rpn_loc": 0.004762370605021715, "lr": 9.99025e-06, "mask_rcnn/accuracy": 0.9345982142857143, "mask_rcnn/false_negative": 0.0028436874475868843, "mask_rcnn/false_positive": 0.2042151179751113, "roi_head/num_bg_samples": 106.5, "roi_head/num_fg_samples": 21.5, "rpn/num_neg_anchors": 245.75, "rpn/num_pos_anchors": 10.25, "time": 0.252600885999982, "total_loss": 2.025098989601247}
{"data_time": 0.001692074500056151, "eta_seconds": 36.252342909997424, "fast_rcnn/cls_accuracy": 0.759765625, "fast_rcnn/false_negative": 0.9140625, "fast_rcnn/fg_cls_accuracy": 0.0859375, "iteration": 59, "loss_box_reg": 0.5506536066532135, "loss_cls": 0.5890725553035736, "loss_mask": 0.6144730746746063, "loss_rpn_cls": 0.056994758546352386, "loss_rpn_loc": 0.015111342072486877, "lr": 1.4985249999999999e-05, "mask_rcnn/accuracy": 0.8948895528631795, "mask_rcnn/false_negative": 0.0009357129301964255, "mask_rcnn/false_positive": 0.2759097106406758, "roi_head/num_bg_samples": 104.75, "roi_head/num_fg_samples": 23.25, "rpn/num_neg_anchors": 240.0, "rpn/num_pos_anchors": 16.0, "time": 0.26339448600003834, "total_loss": 1.8716798278037459}
{"data_time": 0.0017974095001136448, "eta_seconds": 31.505847299995366, "fast_rcnn/cls_accuracy": 0.802734375, "fast_rcnn/false_negative": 0.9785087719298246, "fast_rcnn/fg_cls_accuracy": 0.021491228070175436, "iteration": 79, "loss_box_reg": 0.6312617063522339, "loss_cls": 0.5278737545013428, "loss_mask": 0.5485927760601044, "loss_rpn_cls": 0.03127667400985956, "loss_rpn_loc": 0.007603795267641544, "lr": 1.9980250000000002e-05, "mask_rcnn/accuracy": 0.8928870376275511, "mask_rcnn/false_negative": 0.0008807567510941152, "mask_rcnn/false_positive": 0.28017530897849496, "roi_head/num_bg_samples": 103.0, "roi_head/num_fg_samples": 25.0, "rpn/num_neg_anchors": 242.5, "rpn/num_pos_anchors": 13.5, "time": 0.2698960050000778, "total_loss": 1.8118195664137602}
{"data_time": 0.0018383489999678204, "eta_seconds": 26.989600500007782, "fast_rcnn/cls_accuracy": 0.8125, "fast_rcnn/false_negative": 1.0, "fast_rcnn/fg_cls_accuracy": 0.0, "iteration": 99, "loss_box_reg": 0.6500387787818909, "loss_cls": 0.48107442259788513, "loss_mask": 0.46595144271850586, "loss_rpn_cls": 0.02536763995885849, "loss_rpn_loc": 0.009405943099409342, "lr": 2.497525e-05, "mask_rcnn/accuracy": 0.8988081951530612, "mask_rcnn/false_negative": 0.0007863654214199338, "mask_rcnn/false_positive": 0.2530653297890805, "roi_head/num_bg_samples": 104.25, "roi_head/num_fg_samples": 23.75, "rpn/num_neg_anchors": 242.25, "rpn/num_pos_anchors": 13.75, "time": 0.2893900295000549, "total_loss": 1.6417598387924954}
{"data_time": 0.0017125994999105387, "eta_seconds": 21.721141439993517, "fast_rcnn/cls_accuracy": 0.83984375, "fast_rcnn/false_negative": 1.0, "fast_rcnn/fg_cls_accuracy": 0.0, "iteration": 119, "loss_box_reg": 0.590034008026123, "loss_cls": 0.41064152121543884, "loss_mask": 0.40613341331481934, "loss_rpn_cls": 0.033267538994550705, "loss_rpn_loc": 0.004802831448614597, "lr": 2.997025e-05, "mask_rcnn/accuracy": 0.9219508202796858, "mask_rcnn/false_negative": 0.0012127234530937977, "mask_rcnn/false_positive": 0.22152594188789, "roi_head/num_bg_samples": 106.0, "roi_head/num_fg_samples": 22.0, "rpn/num_neg_anchors": 245.75, "rpn/num_pos_anchors": 10.25, "time": 0.27293830449991674, "total_loss": 1.467900846619159}
{"data_time": 0.0018461335000665713, "eta_seconds": 16.11655785000039, "fast_rcnn/cls_accuracy": 0.8125, "fast_rcnn/false_negative": 0.9416981132075471, "fast_rcnn/fg_cls_accuracy": 0.05830188679245283, "iteration": 139, "loss_box_reg": 0.6900172233581543, "loss_cls": 0.37321600317955017, "loss_mask": 0.3753415048122406, "loss_rpn_cls": 0.026204406283795834, "loss_rpn_loc": 0.01495296647772193, "lr": 3.4965250000000005e-05, "mask_rcnn/accuracy": 0.9110327308889657, "mask_rcnn/false_negative": 0.0017569265160188902, "mask_rcnn/false_positive": 0.2071354585736891, "roi_head/num_bg_samples": 103.0, "roi_head/num_fg_samples": 25.0, "rpn/num_neg_anchors": 240.0, "rpn/num_pos_anchors": 16.0, "time": 0.26458857949990033, "total_loss": 1.5154672099743038}
{"data_time": 0.0019374594999135297, "eta_seconds": 10.752604980002616, "fast_rcnn/cls_accuracy": 0.826171875, "fast_rcnn/false_negative": 0.8726851851851851, "fast_rcnn/fg_cls_accuracy": 0.12731481481481483, "iteration": 159, "loss_box_reg": 0.6807820498943329, "loss_cls": 0.3403804302215576, "loss_mask": 0.32129766047000885, "loss_rpn_cls": 0.016563590615987778, "loss_rpn_loc": 0.005257539683952928, "lr": 3.996025e-05, "mask_rcnn/accuracy": 0.9258065889635971, "mask_rcnn/false_negative": 0.0019874182897524923, "mask_rcnn/false_positive": 0.1968730094772937, "roi_head/num_bg_samples": 102.25, "roi_head/num_fg_samples": 25.75, "rpn/num_neg_anchors": 243.75, "rpn/num_pos_anchors": 12.25, "time": 0.276844077499959, "total_loss": 1.3692381391301751}
{"data_time": 0.0015837055000247346, "eta_seconds": 5.342916629999763, "fast_rcnn/cls_accuracy": 0.880859375, "fast_rcnn/false_negative": 0.7112116228070176, "fast_rcnn/fg_cls_accuracy": 0.28878837719298245, "iteration": 179, "loss_box_reg": 0.6374833285808563, "loss_cls": 0.281852588057518, "loss_mask": 0.25344353169202805, "loss_rpn_cls": 0.014051412232220173, "loss_rpn_loc": 0.004014548379927874, "lr": 4.4955249999999996e-05, "mask_rcnn/accuracy": 0.9554899152643515, "mask_rcnn/false_negative": 0.002963795727179753, "mask_rcnn/false_positive": 0.1280746896522303, "roi_head/num_bg_samples": 104.5, "roi_head/num_fg_samples": 23.5, "rpn/num_neg_anchors": 246.75, "rpn/num_pos_anchors": 9.25, "time": 0.25718262350005716, "total_loss": 1.2059222690295428}
{"data_time": 0.001804248000098596, "eta_seconds": 0.0, "fast_rcnn/cls_accuracy": 0.919921875, "fast_rcnn/false_negative": 0.41317254174397033, "fast_rcnn/fg_cls_accuracy": 0.5868274582560297, "iteration": 199, "loss_box_reg": 0.6040486991405487, "loss_cls": 0.2541028708219528, "loss_mask": 0.24352171272039413, "loss_rpn_cls": 0.02188307885080576, "loss_rpn_loc": 0.005214313976466656, "lr": 4.9950250000000005e-05, "mask_rcnn/accuracy": 0.9507993987068513, "mask_rcnn/false_negative": 0.0029313369641370225, "mask_rcnn/false_positive": 0.12470355915371885, "roi_head/num_bg_samples": 103.25, "roi_head/num_fg_samples": 24.75, "rpn/num_neg_anchors": 245.75, "rpn/num_pos_anchors": 10.25, "time": 0.2613314244999856, "total_loss": 1.1829744931310415}
